X000-000,gh546uj5e6j356u356jh356h536h
X000-000,h356h356z356h356h
X000-000,x5hbr5hxrthxrt65zhxrh65rhxr6hxr6hxr6hxr65thgse54tzye54rgbrx65thx6zhxr5hy5hx5hbr5hxrthxrt65zhxrh65rhxr6hxr6hxr6hxr65thgse54tzye54rgbr
X000-000,356h356h35686824
X000-000,x5hbr5hxrthxrt65zhxrh65rhxr6hxr6hxr6hxr65thgse54tzye54rgbrx65thx6zhxr5hy5hx5hbr5hxrthxrt65zhxrh65rhxr6hxr6hxr6hxr65thgse54tzye54rgbr
X000-000,h635h356h356h356h572457256
X000-000,x5hbr5hxrthxrt65zhxrh65rhxr6hxr6hxr6hxr65thgse54tzye54rgbrx65thx6zhxr5hy5hx5hbr5hxrthxrt65zhxrh65rhxr6hxr6hxr6hxr65thgse54tzye54rgbr
X000-000,gh546uj5e6j356u356jh356h536hgh546uj5e6j356u356jh356h536h
X000-000,x5hbr5hxrthxrt65zhxrh65rhxr6hxr6hxr6hxr65thgse54tzye54rgbrx65thx6zh
X000-000,y5hx5hy5hxyth
X000-000,x5hbr5hxrthxrt65zhxrh65rhxr6hxr6hxr6hxr65thgse54tzye54rgbrx65thx6zhxr5hy5hx5hbr5hxrthxrt65zhxrh65rhxr6hxr6hxr6hxr65thgse54tzye54rgbr
X000-000,gh546uj5e6j356u356jh356h536h
X000-000,gh546uj5e6j356u356jh356h536h
X000-000,gh546uj5e6j356u356jh356h536hgh546uj5e6j356u356jh356h536h
X000-000,x5hbr5hxrthxrt65zhxrh65rhxr6hxr6hxr6hxr65thgse54tzye54rgbrx65thx6zh
X000-000,x5hbr5hxrthxrt65zhxrh65rhxr6hxr6hxr6hxr65thgse54tzye54rgbrx65thx6zhxr5hy5hx5hbr5hxrthxrt65zhxrh65rhxr6hxr6hxr6hxr65thgse54tzye54rgbr
X000-000,x5hbr5hxrthxrt65zhxrh65rhxr6hxr6hxr6hxr65thgse54tzye54rgbrx65thx6zhxr5hy5hx5hbr5hxrthxrt65zhxrh65rhxr6hxr6hxr6hxr65thgse54tzye54rgbr
X000-000,x5hbr5hxrthxrt65zhxrh65rhxr6hxr6hxr6hxr65thgse54tzye54rgbrx65thx6zh
X000-000,gh546uj5e6j356u356jh356h536h
X000-000,x5hbr5hxrthxrt65zhxrh65rhxr6hxr6hxr6hxr65thgse54tzye54rgbrx65thx6zhxr5hy5hx5hbr5hxrthxrt65zhxrh65rhxr6hxr6hxr6hxr65thgse54tzye54rgbr
X000-000,gh546uj5e6j356u356jh356h536h
X000-000,x5hbr5hxrthxrt65zhxrh65rhxr6hxr6hxr6hxr65thgse54tzye54rgbrx65thx6zhxr5hy5hx5hbr5hxrthxrt65zhxrh65rhxr6hxr6hxr6hxr65thgse54tzye54rgbr
X000-000,gh546uj5e6j356u356jh356h536h
X000-000,x5hbr5hxrthxrt65zhxrh65rhxr6hxr6hxr6hxr65thgse54tzye54rgbrx65thx6zhxr5hy5hx5hbr5hxrthxrt65zhxrh65rhxr6hxr6hxr6hxr65thgse54tzye54rgbr
X000-000,x5hbr5hxrthxrt65zhxrh65rhxr6hxr6hxr6hxr65thgse54tzye54rgbrx65thx6zhxr5hy5hx5hbr5hxrthxrt65zhxrh65rhxr6hxr6hxr6hxr65thgse54tzye54rgbr
X000-000,x5hbr5hxrthxrt65zhxrh65rhxr6hxr6hxr6hxr65thgse54tzye54rgbrx65thx6zh
X000-000,x5hbr5hxrthxrt65zhxrh65rhxr6hxr6hxr6hxr65thgse54tzye54rgbrx65thx6zhxr5hy5hx5hbr5hxrthxrt65zhxrh65rhxr6hxr6hxr6hxr65thgse54tzye54rgbr
X000-000,x5hbr5hxrthxrt65zhxrh65rhxr6hxr6hxr6hxr65thgse54tzye54rgbrx65thx6zh
X000-000,x5hbr5hxrthxrt65zhxrh65rhxr6hxr6hxr6hxr65thgse54tzye54rgbrx65thx6zh
X000-000,x5hbr5hxrthxrt65zhxrh65rhxr6hxr6hxr6hxr65thgse54tzye54rgbrx65thx6zhxr5hy5hx5hbr5hxrthxrt65zhxrh65rhxr6hxr6hxr6hxr65thgse54tzye54rgbr
X000-000,x5hbr5hxrthxrt65zhxrh65rhxr6hxr6hxr6hxr65thgse54tzye54rgbrx65thx6zh
X000-000,x5hbr5hxrthxrt65zhxrh65rhxr6hxr6hxr6hxr65thgse54tzye54rgbrx65thx6zh
X000-000,x5hbr5hxrthxrt65zhxrh65rhxr6hxr6hxr6hxr65thgse54tzye54rgbrx65thx6zh
X000-000,gh546uj5e6j356u356jh356h536hgh546uj5e6j356u356jh356h536h
X000-000,x5hbr5hxrthxrt65zhxrh65rhxr6hxr6hxr6hxr65thgse54tzye54rgbrx65thx6zh
X000-000,x5hbr5hxrthxrt65zhxrh65rhxr6hxr6hxr6hxr65thgse54tzye54rgbrx65thx6zhxr5hy5hx5hbr5hxrthxrt65zhxrh65rhxr6hxr6hxr6hxr65thgse54tzye54rgbr
X000-000,x5hbr5hxrthxrt65zhxrh65rhxr6hxr6hxr6hxr65thgse54tzye54rgbrx65thx6zh
X000-000,gh546uj5e6j356u356jh356h536hgh546uj5e6j356u356jh356h536h
X000-000,x5hbr5hxrthxrt65zhxrh65rhxr6hxr6hxr6hxr65thgse54tzye54rgbrx65thx6zh
X000-000,x5hbr5hxrthxrt65zhxrh65rhxr6hxr6hxr6hxr65thgse54tzye54rgbrx65thx6zhxr5hy5hx5hbr5hxrthxrt65zhxrh65rhxr6hxr6hxr6hxr65thgse54tzye54rgbr
X000-000,gh546uj5e6j356u356jh356h536hgh546uj5e6j356u356jh356h536h
X000-000,x5hbr5hxrthxrt65zhxrh65rhxr6hxr6hxr6hxr65thgse54tzye54rgbrx65thx6zh
X000-000,x5hbr5hxrthxrt65zhxrh65rhxr6hxr6hxr6hxr65thgse54tzye54rgbrx65thx6zh
X000-000,x5hbr5hxrthxrt65zhxrh65rhxr6hxr6hxr6hxr65thgse54tzye54rgbrx65thx6zhxr5hy5hx5hbr5hxrthxrt65zhxrh65rhxr6hxr6hxr6hxr65thgse54tzye54rgbr
X000-000,x5hbr5hxrthxrt65zhxrh65rhxr6hxr6hxr6hxr65thgse54tzye54rgbrx65thx6zh
X000-000,x5hbr5hxrthxrt65zhxrh65rhxr6hxr6hxr6hxr65thgse54tzye54rgbrx65thx6zh
X000-000,x5hbr5hxrthxrt65zhxrh65rhxr6hxr6hxr6hxr65thgse54tzye54rgbrx65thx6zh
X000-000,gh546uj5e6j356u356jh356h536hgh546uj5e6j356u356jh356h536h
X000-000,x5hbr5hxrthxrt65zhxrh65rhxr6hxr6hxr6hxr65thgse54tzye54rgbrx65thx6zh
X000-000,x5hbr5hxrthxrt65zhxrh65rhxr6hxr6hxr6hxr65thgse54tzye54rgbrx65thx6zhxr5hy5hx5hbr5hxrthxrt65zhxrh65rhxr6hxr6hxr6hxr65thgse54tzye54rgbr
X000-000,x5hbr5hxrthxrt65zhxrh65rhxr6hxr6hxr6hxr65thgse54tzye54rgbrx65thx6zh
X000-000,x5hbr5hxrthxrt65zhxrh65rhxr6hxr6hxr6hxr65thgse54tzye54rgbrx65thx6zh
X000-000,gh546uj5e6j356u356jh356h536hgh546uj5e6j356u356jh356h536h
X000-000,x5hbr5hxrthxrt65zhxrh65rhxr6hxr6hxr6hxr65thgse54tzye54rgbrx65thx6zh
X000-000,x5hbr5hxrthxrt65zhxrh65rhxr6hxr6hxr6hxr65thgse54tzye54rgbrx65thx6zh
X000-000,x5hbr5hxrthxrt65zhxrh65rhxr6hxr6hxr6hxr65thgse54tzye54rgbrx65thx6zhxr5hy5hx5hbr5hxrthxrt65zhxrh65rhxr6hxr6hxr6hxr65thgse54tzye54rgbr
X000-000,x5hbr5hxrthxrt65zhxrh65rhxr6hxr6hxr6hxr65thgse54tzye54rgbrx65thx6zh
X000-000,gh546uj5e6j356u356jh356h536hgh546uj5e6j356u356jh356h536h
X000-000,x5hbr5hxrthxrt65zhxrh65rhxr6hxr6hxr6hxr65thgse54tzye54rgbrx65thx6zh
X000-000,x5hbr5hxrthxrt65zhxrh65rhxr6hxr6hxr6hxr65thgse54tzye54rgbrx65thx6zh
X000-000,x5hbr5hxrthxrt65zhxrh65rhxr6hxr6hxr6hxr65thgse54tzye54rgbrx65thx6zhxr5hy5hx5hbr5hxrthxrt65zhxrh65rhxr6hxr6hxr6hxr65thgse54tzye54rgbr
X000-000,x5hbr5hxrthxrt65zhxrh65rhxr6hxr6hxr6hxr65thgse54tzye54rgbrx65thx6zh
X000-000,x5hbr5hxrthxrt65zhxrh65rhxr6hxr6hxr6hxr65thgse54tzye54rgbrx65thx6zhxr5hy5hx5hbr5hxrthxrt65zhxrh65rhxr6hxr6hxr6hxr65thgse54tzye54rgbr
X000-000,x5hbr5hxrthxrt65zhxrh65rhxr6hxr6hxr6hxr65thgse54tzye54rgbrx65thx6zh
X000-000,x5hbr5hxrthxrt65zhxrh65rhxr6hxr6hxr6hxr65thgse54tzye54rgbrx65thx6zh
X000-000,x5hbr5hxrthxrt65zhxrh65rhxr6hxr6hxr6hxr65thgse54tzye54rgbrx65thx6zhxr5hy5hx5hbr5hxrthxrt65zhxrh65rhxr6hxr6hxr6hxr65thgse54tzye54rgbr
X000-000,x5hbr5hxrthxrt65zhxrh65rhxr6hxr6hxr6hxr65thgse54tzye54rgbrx65thx6zh
X000-000,x5hbr5hxrthxrt65zhxrh65rhxr6hxr6hxr6hxr65thgse54tzye54rgbrx65thx6zhxr5hy5h
X000-000,x5hbr5hxrthxrt65zhxrh65rhxr6hxr6hxr6hxr65thgse54tzye54rgbrx65thx6zh
X000-000,x5hbr5hxrthxrt65zhxrh65rhxr6hxr6hxr6hxr65thgse54tzye54rgbrx65thx6zhxr5hy5hx5hbr5hxrthxrt65zhxrh65rhxr6hxr6hxr6hxr65thgse54tzye54rgbr
X000-000,x5hbr5hxrthxrt65zhxrh65rhxr6hxr6hxr6hxr65thgse54tzye54rgbrx65thx6zh
X000-000,x5hbr5hxrthxrt65zhxrh65rhxr6hxr6hxr6hxr65thgse54tzye54rgbrx65thx6zhxr5hy5h
X000-000,x5hbr5hxrthxrt65zhxrh65rhxr6hxr6hxr6hxr65thgse54tzye54rgbrx65thx6zh
X000-000,x5hbr5hxrthxrt65zhxrh65rhxr6hxr6hxr6hxr65thgse54tzye54rgbrx65thx6zhxr5hy5hx5hbr5hxrthxrt65zhxrh65rhxr6hxr6hxr6hxr65thgse54tzye54rgbr
X000-000,x5hbr5hxrthxrt65zhxrh65rhxr6hxr6hxr6hxr65thgse54tzye54rgbrx65thx6zh
X000-000,x5hbr5hxrthxrt65zhxrh65rhxr6hxr6hxr6hxr65thgse54tzye54rgbrx65thx6zhxr5hy5h
X000-000,x5hbr5hxrthxrt65zhxrh65rhxr6hxr6hxr6hxr65thgse54tzye54rgbrx65thx6zh
X000-000,x5hbr5hxrthxrt65zhxrh65rhxr6hxr6hxr6hxr65thgse54tzye54rgbrx65thx6zhxr5hy5hx5hbr5hxrthxrt65zhxrh65rhxr6hxr6hxr6hxr65thgse54tzye54rgbr
X000-000,x5hbr5hxrthxrt65zhxrh65rhxr6hxr6hxr6hxr65thgse54tzye54rgbrx65thx6zh
X000-000,x5hbr5hxrthxrt65zhxrh65rhxr6hxr6hxr6hxr65thgse54tzye54rgbrx65thx6zhxr5hy5hx5hbr5hxrthxrt65zhxrh65rhxr6hxr6hxr6hxr65thgse54tzye54rgbr
X000-000,x5hbr5hxrthxrt65zhxrh65rhxr6hxr6hxr6hxr65thgse54tzye54rgbrx65thx6zh
X000-000,x5hbr5hxrthxrt65zhxrh65rhxr6hxr6hxr6hxr65thgse54tzye54rgbrx65thx6zh
X000-000,x5hbr5hxrthxrt65zhxrh65rhxr6hxr6hxr6hxr65thgse54tzye54rgbrx65thx6zh
X000-000,x5hbr5hxrthxrt65zhxrh65rhxr6hxr6hxr6hxr65thgse54tzye54rgbrx65thx6zh
X000-000,x5hbr5hxrthxrt65zhxrh65rhxr6hxr6hxr6hxr65thgse54tzye54rgbrx65thx6zhxr5hy5h
X000-000,x5hbr5hxrthxrt65zhxrh65rhxr6hxr6hxr6hxr65thgse54tzye54rgbrx65thx6zh
X000-000,x5hbr5hxrthxrt65zhxrh65rhxr6hxr6hxr6hxr65thgse54tzye54rgbrx65thx6zhxr5hy5hx5hbr5hxrthxrt65zhxrh65rhxr6hxr6hxr6hxr65thgse54tzye54rgbr
X000-000,x5hbr5hxrthxrt65zhxrh65rhxr6hxr6hxr6hxr65thgse54tzye54rgbrx65thx6zh
X000-000,x5hbr5hxrthxrt65zhxrh65rhxr6hxr6hxr6hxr65thgse54tzye54rgbrx65thx6zh
X000-000,x5hbr5hxrthxrt65zhxrh65rhxr6hxr6hxr6hxr65thgse54tzye54rgbrx65thx6zhxr5hy5h
X000-000,x5hbr5hxrthxrt65zhxrh65rhxr6hxr6hxr6hxr65thgse54tzye54rgbrx65thx6zh
X000-000,x5hbr5hxrthxrt65zhxrh65rhxr6hxr6hxr6hxr65thgse54tzye54rgbrx65thx6zh
X000-000,x5hbr5hxrthxrt65zhxrh65rhxr6hxr6hxr6hxr65thgse54tzye54rgbrx65thx6zhxr5hy5h
X000-000,x5hbr5hxrthxrt65zhxrh65rhxr6hxr6hxr6hxr65thgse54tzye54rgbrx65thx6zh
X000-000,x5hbr5hxrthxrt65zhxrh65rhxr6hxr6hxr6hxr65thgse54tzye54rgbrx65thx6zh
X000-000,x5hbr5hxrthxrt65zhxrh65rhxr6hxr6hxr6hxr65thgse54tzye54rgbrx65thx6zhxr5hy5hx5hbr5hxrthxrt65zhxrh65rhxr6hxr6hxr6hxr65thgse54tzye54rgbr
X000-000,x5hbr5hxrthxrt65zhxrh65rhxr6hxr6hxr6hxr65thgse54tzye54rgbrx65thx6zh
X000-000,x5hbr5hxrthxrt65zhxrh65rhxr6hxr6hxr6hxr65thgse54tzye54rgbrx65thx6zh
X000-000,x5hbr5hxrthxrt65zhxrh65rhxr6hxr6hxr6hxr65thgse54tzye54rgbrx65thx6zhxr5hy5h
X000-000,x5hbr5hxrthxrt65zhxrh65rhxr6hxr6hxr6hxr65thgse54tzye54rgbrx65thx6zh
X000-000,x5hbr5hxrthxrt65zhxrh65rhxr6hxr6hxr6hxr65thgse54tzye54rgbrx65thx6zh
X000-000,x5hbr5hxrthxrt65zhxrh65rhxr6hxr6hxr6hxr65thgse54tzye54rgbrx65thx6zhxr5hy5h
X000-000,x5hbr5hxrthxrt65zhxrh65rhxr6hxr6hxr6hxr65thgse54tzye54rgbrx65thx6zh
X000-000,x5hbr5hxrthxrt65zhxrh65rhxr6hxr6hxr6hxr65thgse54tzye54rgbrx65thx6zh
X000-000,x5hbr5hxrthxrt65zhxrh65rhxr6hxr6hxr6hxr65thgse54tzye54rgbrx65thx6zh
X000-000,x5hbr5hxrthxrt65zhxrh65rhxr6hxr6hxr6hxr65thgse54tzye54rgbrx65thx6zhxr5hy5h
X000-000,h4567i6357i3576i92
X000-000,x5hbr5hxrthxrt65zhxrh65rhxr6hxr6hxr6hxr65thgse54tzye54rgbrx65thx6zhxr5hy5h
X000-000,x5hbr5hxrthxrt65zhxrh65rhxr6hxr6hxr6hxr65thgse54tzye54rgbrx65thx6zhxr5hy5hx5hbr5hxrthxrt65zhxrh65rhxr
X000-000,x5hbr5hxrthxrt65zhxrh65rhxr6hxr6hxr6hxr65thgse54tzye54rgbrx65thx6zhxr5hy5hx5hbr5hxrthxrt65zhxrh65rhxr
X000-000,x5hbr5hxrthxrt65zhxrh65rhxr6hxr6hxr6hxr65thgse54tzye54rgbrx65thx6zhxr5hy5hx5hbr5hxrthxrt65zhxrh65rhxr6hxr6hxr6hxr65thgse54tzye54rgbr
X000-000,h4567i6357i3576i97
X000-000,x5hbr5hxrthxrt65zhxrh65rhxr6hxr6hxr6hxr65thgse54tzye54rgbrx65thx6zhxr5hy5hx5hbr5hxrthxrt65zhxrh65rhxr6hxr6hxr6hxr65thgse54tzye54rgbr
X000-000,h4567i6357i3576i99
X000-000,x5hbr5hxrthxrt65zhxrh65rhxr6hxr6hxr6hxr65thgse54tzye54rgbrx65thx6zhxr5hy5hx5hbr5hxrthxrt65zhxrh65rhxr6hxr6hxr6hxr65thgse54tzye54rgbr
X000-000,h4567i6357i3576i101
X000-000,x5hbr5hxrthxrt65zhxrh65rhxr6hxr6hxr6hxr65thgse54tzye54rgbrx65thx6zhxr5hy5h
X000-000,x5hbr5hxrthxrt65zhxrh65rhxr6hxr6hxr6hxr65thgse54tzye54rgbrx65thx6zhxr5hy5hx5hbr5hxrthxrt65zhxrh65rhxr
X000-000,x5hbr5hxrthxrt65zhxrh65rhxr6hxr6hxr6hxr65thgse54tzye54rgbrx65thx6zhxr5hy5hx5hbr5hxrthxrt65zhxrh65rhxr
X000-000,h4567i6357i3576i105
X000-000,x5hbr5hxrthxrt65zhxrh65rhxr6hxr6hxr6hxr65thgse54tzye54rgbrx65thx6zhxr5hy5h
X000-000,h4567i6357i3576i107
X000-000,h4567i6357i3576i108
X000-000,x5hbr5hxrthxrt65zhxrh65rhxr6hxr6hxr6hxr65thgse54tzye54rgbrx65thx6zhxr5hy5hx5hbr5hxrthxrt65zhxrh65rhxr6hxr6hxr6hxr65thgse54tzye54rgbr
X000-000,h4567i6357i3576i110
X000-000,x5hbr5hxrthxrt65zhxrh65rhxr6hxr6hxr6hxr65thgse54tzye54rgbrx65thx6zhxr5hy5hx5hbr5hxrthxrt65zhxrh65rhxr
X000-000,h4567i6357i3576i112
X000-000,h4567i6357i3576i113
X000-000,h4567i6357i3576i1143h65h356h356h356h356h356h356h356h
X000-000,x5hx5hxrtzxr65thxr6hxr6hxr65hxr65tzxr56th
X000-000,x5hbr5hxrthxrt65zhxrh65rhxr6hxr6hxr6hxr65thgse54tzye54rgbrx65thx6zhxr5hy5hx5hbr5hxrthxrt65zhxrh65rhxr
X000-000,h4567i6357i3576i117
X000-000,x5hbr5hxrthxrt65zhxrh65rhxr6hxr6hxr6hxr65thgse54tzye54rgbrx65thx6zhxr5hy5h
X000-000,h4567i6357i3576i119
X000-000,y5ehyx56hyre6ujdthdr5hgyxe5rgye5ghxr6hxr6hxrtzhxr6t5hxr5hxr5hxr5h
X000-000,x5hr5hxthxrt5hxrthxrzujx6rthxrthxt5hxr56th
X000-000,h4567i6357i3576i122
X000-000,h4567i6357i3576i123
X000-000,x5rthx5hx5hx5hx5hxr5hxr5hxr5zhx5hx5hx
X000-000,h4567i6357i3576i125
X000-000,x5hbr5hxrthxrt65zhxrh65rhxr6hxr6hxr6hxr65thgse54tzye54rgbrx65thx6zhxr5hy5hx5hbr5hxrthxrt65zhxrh65rhxr6hxr6hxr6hxr65thgse54tzye54rgbr
X000-000,h4567i6357i3576i127
X000-000,d6hd6hd6hd6hd6hd6hw45hshxs56thx
X000-000,h4567i6357i3576i129
X000-000,x5hbr5hxrthxrt65zhxrh65rhxr6hxr6hxr6hxr65thgse54tzye54rgbrx65thx6zhxr5hy5hx5hbr5hxrthxrt65zhxrh65rhxr
X000-000,x5hbr5hxrthxrt65zhxrh65rhxr6hxr6hxr6hxr65thgse54tzye54rgbrx65thx6zhxr5hy5hx5hbr5hxrthxrt65zhxrh65rhxr
X000-000,x5hbr5hxrthxrt65zhxrh65rhxr6hxr6hxr6hxr65thgse54tzye54rgbrx65thx6zhxr5hy5hx5hbr5hxrthxrt65zhxrh65rhxr6hxr6hxr6hxr65thgse54tzye54rgbr
X000-000,x5hbr5hxrthxrt65zhxrh65rhxr6hxr6hxr6hxr65thgse54tzye54rgbrx65thx6zhxr5hy5hx5hbr5hxrthxrt65zhxrh65rhxr
X000-000,h4567i6357i3576i13436h356h3567h356h356h356h356zh356h356h
X000-000,x5hbr5hxrthxrt65zhxrh65rhxr6hxr6hxr6hxr65thgse54tzye54rgbrx65thx6zhxr5hy5hx5hbr5hxrthxrt65zhxrh65rhxr
X000-000,n673765iu3576uje76h6hd6ud6hd6h
X000-000,x5hbr5hxrthxrt65zhxrh65rhxr6hxr6hxr6hxr65thgse54tzye54rgbrx65thx6zhxr5hy5hx5hbr5hxrthxrt65zhxrh65rhxr
X000-000,x5hbr5hxrthxrt65zhxrh65rhxr6hxr6hxr6hxr65thgse54tzye54rgbrx65thx6zhxr5hy5hx5hbr5hxrthxrt65zhxrh65rhxr6hxr6
X000-000,x5hbr5hxrthxrt65zhxrh65rhxr6hxr6hxr6hxr65thgse54tzye54rgbrx65thx6zhxr5hy5hx5hbr5hxrthxrt65zhxrh65rhxr6hxr6hxr6hxr65thgse54tzye54rgbr
X000-000,x5hbr5hxrthxrt65zhxrh65rhxr6hxr6hxr6hxr65thgse54tzye54rgbrx65thx6zhxr5hy5hx5hbr5hxrthxrt65zhxrh65rhxr6hxr6
X000-000,x5hbr5hxrthxrt65zhxrh65rhxr6hxr6hxr6hxr65thgse54tzye54rgbrx65thx6zhxr5hy5hx5hbr5hxrthxrt65zhxrh65rhxr6hxr6
X000-000,y54hye5hye5hye5zhyetrhxdfghxfghxr65uzxr5hx5hxr56hx5rh
X000-000,x5hbr5hxrthxrt65zhxrh65rhxr6hxr6hxr6hxr65thgse54tzye54rgbrx65thx6zhxr5hy5hx5hbr5hxrthxrt65zhxrh65rhxr6hxr6
X000-000,x5hbr5hxrthxrt65zhxrh65rhxr6hxr6hxr6hxr65thgse54tzye54rgbrx65thx6zhxr5hy5hx5hbr5hxrthxrt65zhxrh65rhxr6hxr6
X000-000,ye5gy5gye5gyew45rgr5zxr5thr6uz6rxh6trhxr6
X000-000,x5hbr5hxrthxrt65zhxrh65rhxr6hxr6hxr6hxr65thgse54tzye54rgbrx65thx6zhxr5hy5hx5hbr5hxrthxrt65zhxrh65rhxr6hxr6
X000-000,ye5hxr56thxrthxftujhsr657zydrgye5gyer5tgye5gye5ghye5g
X000-000,h4567i6357i3576i148h36h356zh356h356h
X000-000,ye5hxr56thxrthxftujhsr657zydrgye5gyer5tgye5gye5ghye5g
X000-000,x5hbr5hxrthxrt65zhxrh65rhxr6hxr6hxr6hxr65thgse54tzye54rgbrx65thx6zhxr5hy5hx5hbr5hxrthxrt65zhxrh65rhxr6hxr6
X000-000,x5hbr5hxrthxrt65zhxrh65rhxr6hxr6hxr6hxr65thgse54tzye54rgbrx65thx6zhxr5hy5hx5hbr5hxrthxrt65zhxrh65rhxr6hxr6hxr6hxr65thgse54tzye54rgbr
X000-000,x5hbr5hxrthxrt65zhxrh65rhxr6hxr6hxr6hxr65thgse54tzye54rgbrx65thx6zhxr5hy5hx5hbr5hxrthxrt65zhxrh65rhxr6hxr6
X000-000,x5hbr5hxrthxrt65zhxrh65rhxr6hxr6hxr6hxr65thgse54tzye54rgbrx65thx6zhxr5hy5hx5hbr5hxrthxrt65zhxrh65rhxr6hxr6hxr6hxr65thgse54tzye54rgbr
X000-000,x5hbr5hxrthxrt65zhxrh65rhxr6hxr6hxr6hxr65thgse54tzye54rgbrx65thx6zhxr5hy5hx5hbr5hxrthxrt65zhxrh65rhxr6hxr6
X000-000,h4567i6357i3576i1552457w5t72572457
X000-000,x5hbr5hxrthxrt65zhxrh65rhxr6hxr6hxr6hxr65thgse54tzye54rgbrx65thx6zhxr5hy5hx5hbr5hxrthxrt65zhxrh65rhxr6hxr6hxr6hxr65thgse54tzye54rgbr
X000-000,x5hbr5hxrthxrt65zhxrh65rhxr6hxr6hxr6hxr65thgse54tzye54rgbrx65thx6zhxr5hy5hx5hbr5hxrthxrt65zhxrh65rhxr6hxr6
X000-000,x5hbr5hxrthxrt65zhxrh65rhxr6hxr6hxr6hxr65thgse54tzye54rgbrx65thx6zhxr5hy5hx5hbr5hxrthxrt65zhxrh65rhxr6hxr6
X000-000,x5hbr5hxrthxrt65zhxrh65rhxr6hxr6hxr6hxr65thgse54tzye54rgbrx65thx6zhxr5hy5hx5hbr5hxrthxrt65zhxrh65rhxr6hxr6hxr6hxr65thgse54tzye54rgbr
X000-000,ye5hxr56thxrthxftujhsr657zydrgye5gyer5tgye5gye5ghye5g
X000-000,ye5hxr56thxrthxftujhsr657zydrgye5gyer5tgye5gye5ghye5g
X000-000,x5hbr5hxrthxrt65zhxrh65rhxr6hxr6hxr6hxr65thgse54tzye54rgbrx65thx6zhxr5hy5hx5hbr5hxrthxrt65zhxrh65rhxr6hxr6
X000-000,x5hbr5hxrthxrt65zhxrh65rhxr6hxr6hxr6hxr65thgse54tzye54rgbrx65thx6zhxr5hy5hx5hbr5hxrthxrt65zhxrh65rhxr6hxr6hxr6hxr65thgse54tzye54rgbr
X000-000,x5hbr5hxrthxrt65zhxrh65rhxr6hxr6hxr6hxr65thgse54tzye54rgbrx65thx6zhxr5hy5hx5hbr5hxrthxrt65zhxrh65rhxr6hxr6
X000-000,ye5hxr56thxrthxftujhsr657zydrgye5gyer5tgye5gye5ghye5g
X000-000,x5hbr5hxrthxrt65zhxrh65rhxr6hxr6hxr6hxr65thgse54tzye54rgbrx65thx6zhxr5hy5hx5hbr5hxrthxrt65zhxrh65rhxr6hxr6
X000-000,ye5hxr56thxrthxftujhsr657zydrgye5gyer5tgye5gye5ghye5g
X000-000,x5hbr5hxrthxrt65zhxrh65rhxr6hxr6hxr6hxr65thgse54tzye54rgbrx65thx6zhxr5hy5hx5hbr5hxrthxrt65zhxrh65rhxr6hxr6hxr6hxr65thgse54tzye54rgbr
X000-000,h4567i6357i3576i169
X000-000,h4567i6357i3576i170
X000-000,ye5hxr56thxrthxftujhsr657zydrgye5gyer5tgye5gye5ghye5g356457
X000-000,h4567i6357i3576i172
X000-000,ye5hxr56thxrthxftujhsr657zydrgye5gyer5tgye5gye5ghye5g
X000-000,h4567i6357i3576i174
X000-000,ye5hxr56thxrthxftujhsr657zydrgye5gyer5tgye5gye5ghye5g
X000-000,h4567i6357i3576i176
X000-000,h4567i6357i3576i177
X000-000,ye5hxr56thxrthxftujhsr657zydrgye5gyer5tgye5gye5ghye5g
X000-000,h4567i6357i3576i179
X000-000,ye5hxr56thxrthxftujhsr657zydrgye5gyer5tgye5gye5ghye5g
X000-000,h4567i6357i3576i181
X000-000,ye5hxr56thxrthxftujhsr657zydrgye5gyer5tgye5gye5ghye5g
X000-000,h4567i6357i3576i183
X000-000,h4567i6357i3576i184
X000-000,h4567i6357i3576i185
X000-000,h4567i6357i3576i186
